ll37	LL-37	powder
b12	B12	powder
mazdutide	Mazdutide	powder
survodutide	Survodutide	powder
semaxselank	Semax / Selank Blend	powder
ghkpv	GHK-Cu / KPV	powder
dsip-10	DSIP	powder
adamax	Adamax	powder
adamax-10mg-class-1032-5-pack	Adamax - Class 1032	powder
adamax-10mg-class-984-5-pack	Adamax - Class 984	powder
slupp-5mg	SLU-PP-332	powder
ox10	Oxytocin	powder
pn10	Pinealon	powder
igf	IGF-1 LR3	powder
mitoblend	Mito Blend	powder
aod-9604-10	AOD-9604	powder
selank-10	Selank	powder
s3max-10	Semax	powder
ghk-cu	GHK-Cu	powder
cagrilintide	Cagrilintide	powder
5-amino-1mq	5-Amino-1MQ	powder
nad-500mg-buffered	NAD+ Buffered	powder
kpv	KPV	powder
pt-141	PT-141	powder
thymosin-alpha-1	Thymosin Alpha-1	powder
glutathione-1500mg	Glutathione	powder
mt1	Melanotan 1	powder
mt-2	Melanotan 2	powder
vip-10	VIP	powder
cartalax-20	Cartalax	powder
epi10	Epithalon	powder
foxo4-dri	FOXO4-DRI	powder
testagen	Testagen	powder
sermorelin	Sermorelin	powder
tb500	TB-500	powder
glow	GLOW Blend	powder
kisspeptin	Kisspeptin	powder
cjc-1295-w-o-dac-10mg	CJC-1295 (No DAC)	powder
ipamorelin-10mg	Ipamorelin	powder
cjc-1295-w-dac-5mg	CJC-1295 (with DAC)	powder
cjc-1295-no-dac-ipa-blend	CJC-1295 No DAC / Ipamorelin	powder
tesamorelin	Tesamorelin	powder
bpc-157	BPC-157	powder
s-31-s-10	SS-31	powder
ara-29010	ARA-290	powder
mots-c	MOTS-c	powder
tesa-ipa-peptide-blend-13mg-3mg	Tesamorelin / Ipamorelin Blend	powder
klow-80	KLOW Blend	powder
bpc-tb-500-wolverine	BPC-157 / TB-500 (Wolverine)	powder
gla1-s	GLA-1 SM	powder
gla2-trz	GLA-2 TRZ	powder
gla2-5-t-r-20mg	GLA-2.5 TRZ/RT	powder
gla3-rt	GLA-3 RT	powder
gla-3-cagri-20mg-4mg	GLA-3 RT / Cagrilintide	powder
ghkpvcaps	GHK-Cu / KPV Capsules	capsule
dihexa	Dihexa Capsules	capsule
ghkcucap	GHK-Cu Capsules	capsule
slucap20	SLU-PP-332 Capsules	capsule
5amcaps	5-Amino-1MQ Capsules	capsule
methylene-blue-capsules-20mcg	Methylene Blue Capsules	capsule
tesofensine	Tesofensine Capsules	capsule
bpc-kpv-cap	BPC-157 / KPV Capsules	capsule
bpc-157-500mcg	BPC-157 Capsules	capsule
adamax-1032-research-spray-15mg	Adamax 1032 Spray	spray
adalank-research-spray-15mg	Adalank Spray	spray
pt-141-research-spray-30mg	PT-141 Spray	spray
bpc-tb-500-research-spray-60mg	BPC-157 / TB-500 Spray	spray
nad-buffered-research-spray-1500mg	NAD+ Buffered Spray	spray
semax-research-spray-50mg	Semax Spray	spray
neuro-triple-blend-research-spray-60mg	Neuro Triple Blend Spray	spray
selank-research-spray-40mg	Selank Spray	spray
selank-dsip-research-spray-50mg	Selank / DSIP Spray	spray
semax-selank-research-drops-15mg	Semax / Selank Drops	drops
adalank-adamax-1032-research-drops	Adalank / Adamax 1032 Drops	drops
lipo-c	LIPO Blend	blend
lipo-c-10ml-5-pack	LIPO-C	blend
super-blend	Super Blend	blend
ghk-cu-raw	GHK-Cu (RAW)	raw
ahkcu-raw	AHK-Cu (RAW)	raw
snap-8-raw	Snap-8 (RAW)	raw
acetyl-hexapeptide	Acetyl Hexapeptide-8 (RAW)	raw
glacier-brightening-serum	Glacier Brightening Serum	topical
recon3ml	Reconstitution Water 0.9%	supply
aawater	Acetic Acid 0.6%	supply
pbs-phosphate-buffered-solution-biologix-100ml	PBS Phosphate Buffered Solution	supply
glacier-combo-case-11-x-3ml-2-x-10ml	Glacier Combo Case	supply
glacier-vial-vault-36-x-3ml	Glacier Vial Vault	supply
5-vial-cases-5-x-3ml	5-Vial Case	supply
