reta3-9	RETA-3 (Retatrutide)	peptide
tirz2-13	TIRZ-2 (Tirzepatide)	peptide
sma-2	SEMA-1 (Semaglutide)	peptide
cag-4	CAG-4 (Cagrilintide)	peptide
survo	Survo (Survodutide)	peptide
bpc-157-2	BPC-157	peptide
tb-500-2	TB-500	peptide
ghk-cu-2	GHK-Cu	peptide
kpv-2	KPV	peptide
ll37-5	LL-37	peptide
mots-c-2	MOTS-c	peptide
nad-2	NAD+	peptide
ss-31-5	SS-31	peptide
glutathione-2	Glutathione	peptide
tesamorelin-2	Tesamorelin	peptide
ipamorelin-2	Ipamorelin	peptide
cjc-1295-dac-2	CJC-1295 (with DAC)	peptide
cjc-1295-nodac	CJC-1295 (No DAC)	peptide
ghrp-6-2	GHRP-6	peptide
igf1-lr3-2	IGF-1 LR3	peptide
aod-9604-2	AOD-9604	peptide
5-amino-1mq-2	5-Amino-1MQ	peptide
aicar-2	AICAR	peptide
semax-2	Semax	peptide
selank-2	Selank	peptide
adamax-2	Adamax	peptide
dsip-2	DSIP	peptide
pe-22-28-2	PE-22-28	peptide
oxytocin-2	Oxytocin	peptide
pt-141-2	PT-141	peptide
kisspeptin-2	Kisspeptin	peptide
melanotan-1-2	Melanotan-1	peptide
melanotan-2-2	Melanotan-2	peptide
ara-290-2	ARA-290	peptide
vip-2	VIP	peptide
ta-1-10mg	Thymosin Alpha-1	peptide
fox04-dri-2	FOXO4-DRI	peptide
snap-8-2	Snap-8	peptide
klow-2	KLOW Blend	blend
glow	GLOW Blend	blend
tb-bp-blend-wolverine	TB-500 / BPC-157 (Wolverine)	blend
ipa-cjc-blend-2	Ipamorelin / CJC-1295 Blend	blend
kpv-tb-bpc-phoenix-2	KPV / TB-500 / BPC-157 (Phoenix)	blend
epitalon-2	Epitalon	bioregulator
cartalax	Cartalax	bioregulator
thymalin-2	Thymalin	bioregulator
thymagen	Thymagen	bioregulator
cortagen	Cortagen	bioregulator
vilon	Vilon	bioregulator
5-amino-1mq-tablets	5-Amino-1MQ Tablets 60ct	tablet
bpc157tablets60ct	BPC-157 Tablets 60ct	tablet
kpvtablets60ct	KPV Tablets 60ct	tablet
ghkcutablets60ct	GHK-Cu Tablets 60ct	tablet
dihexatablets60ct	Dihexa Tablets 60ct	tablet
epitalontablets60ct	Epitalon Tablets 60ct	tablet
pinealontablets60ct	Pinealon Tablets 60ct	tablet
slupp332tablets60ct	SLU-PP-332 Tablets 60ct	tablet
methylenebluetablets60ct	Methylene Blue Tablets 60ct	tablet
tesofensinetablets60ct	Tesofensine Tablets 60ct	tablet
phoenixblendtablets60ct	Phoenix Blend Tablets 60ct	tablet
ghk-cu-60ct-2mg	GHK-Cu Capsules 60ct	capsule
slu-bam15-60ct-1mg	SLU-PP-332 / BAM15 Capsules 60ct	capsule
bam15	BAM15 Capsules 60ct	capsule
ghk-cu-raw	GHK-Cu (RAW)	raw
ahk-cu-raw	AHK-Cu (RAW)	raw
b-12-20ml	B-12	liquid
l-carnitine-20ml	L-Carnitine	liquid
lipo-c-xl	Lipo-C XL	liquid
hsn-blend	HSN Blend	liquid
neurotira-20ml	Neurotira	liquid
noctira-20ml	Noctira	liquid
pumptira	Pumptira	liquid
chargd-20ml	CHARG'd	liquid
peeld	PEEL'd	liquid
bac-water-2	BAC Water 10ml	supply
bac-water-3	BAC Water 3ml	supply
bac-water-hospira	BAC Water (Hospira)	supply
10ml-deionized-water	Deionized Water 10ml	supply
acetic-acid-10ml	Acetic Acid 10ml	supply
pbs-3ml	PBS 3ml	supply
sterile-3ml-vial	Sterile Vial 3ml	supply
sterile-10ml-vial	Sterile Vial 10ml	supply
10ml-precision-atomizing-sprayer	Precision Atomizing Sprayer	supply
10-vial-kit-case-clear	10-Vial Kit Case	supply
3d-printed-kit-slider-case	3D Printed Kit Slider Case	supply
