# Glacier Aminos — WooCommerce Store API via browser, captured 2026-10-08. Singles + 10-packs (5-packs dropped). Cases excluded.
# slug	name	category	attr	price_cents	regular_cents	in_stock
pbs-phosphate-buffered-solution-biologix-100ml	PBS Phosphate Buffered Solution, Biologix 100ML	Water		1499	1499	1
ghkpvcaps	GHKPV CAPSULES	Capsule		8999	8999	1
dihexa	DIHEXA CAPSULES 5MG	Capsule		9999	9999	1
ll-37-5mg-10-pack	LL-37 5MG (10-Pack)	Lyophilized Powder		26243	26243	1
b12-10mg-10-pack	B12 10MG (10-Pack)	Lyophilized Powder		18742	18742	1
mazdutide-10mg-10-pack	MAZDUTIDE 10MG (10-Pack)	Lyophilized Powder		52493	52493	1
survodutide-10mg-10-pack	SURVODUTIDE 10MG (10-Pack)	Lyophilized Powder		48742	48742	1
semax-selank-blend-20mg-10-pack	SEMAX/SELANK BLEND 20MG (10-Pack)	Lyophilized Powder		61493	61493	1
ghkpv-10-pack	GHKPV (10-Pack)	Lyophilized Powder		54743	54743	1
dsip-10mg-10-pack	DSIP 10MG (10-Pack)	Lyophilized Powder		44992	44992	1
adamax-10mg-class-1032-10-pack	ADAMAX 10MG – CLASS: 1032 (10-Pack)	Lyophilized Powder		63743	63743	1
adamax-10mg-class-984-10-pack	ADAMAX 10MG – CLASS: 984 (10-Pack)	Lyophilized Powder		37493	37493	1
slu-pp-332-5mg-10-pack	SLU-PP-332 5MG (10-Pack)	Lyophilized Powder		37493	37493	1
oxytocin-10mg-10-pack	OXYTOCIN 10MG (10-Pack)	Lyophilized Powder		41992	41992	1
pinealon-10mg-10-pack	PINEALON 10MG (10-Pack)	Lyophilized Powder		37493	37493	1
igf-1-lr3-1mg-10-pack	IGF-1 LR3 1MG (10-Pack)	Lyophilized Powder		48742	48742	1
mito-blend-10-pack	MITO BLEND (10-Pack)	Lyophilized Powder		74993	74993	1
aod-9604-10mg-10-pack	AOD-9604 10MG (10-Pack)	Lyophilized Powder		69743	69743	1
selank-10mg-10-pack	SELANK 10MG (10-Pack)	Lyophilized Powder		30743	30743	1
semax-10mg-10-pack	SEMAX 10MG (10-Pack)	Lyophilized Powder		30743	30743	1
ghk-cu-size-100mg-10-pack	GHK-Cu – SIZE: 100mg (10-Pack)	Lyophilized Powder		34493	34493	1
ghk-cu-size-50mg-10-pack	GHK-Cu – SIZE: 50mg (10-Pack)	Lyophilized Powder		23242	23242	1
cagrilintide-size-10mg-10-pack	CAGRILINTIDE – SIZE: 10MG (10-Pack)	Lyophilized Powder		76493	76493	1
cagrilintide-size-5mg-10-pack	CAGRILINTIDE – SIZE: 5MG (10-Pack)	Lyophilized Powder		42742	42742	1
5-amino-1mq-size-50mg-10-pack	5-AMINO-1MQ – SIZE: 50MG (10-Pack)	Lyophilized Powder		74993	74993	1
5-amino-1mq-size-10mg-10-pack	5-AMINO-1MQ – SIZE: 10MG (10-Pack)	Lyophilized Powder		38992	38992	1
nad-500mg-buffered-10-pack	NAD+ 500MG Buffered (10-Pack)	Lyophilized Powder		42742	42742	1
kpv-10mg-10-pack	KPV 10MG (10-Pack)	Lyophilized Powder		38992	38992	1
pt-141-10mg-10-pack	PT-141 10MG (10-Pack)	Lyophilized Powder		30743	30743	1
thymosin-alpha-1-10mg-10-pack	THYMOSIN ALPHA 1 10MG (10-Pack)	Lyophilized Powder		47992	47992	1
lipo-c-10ml-10-pack	LIPO-C 10mL (10-Pack)	Liquid Amino Blend		47992	47992	1
glutathione-1500mg-10-pack	GLUTATHIONE 1500MG (10-Pack)	Lyophilized Powder		56993	56993	1
melanotan-1-10mg-10-pack	MELANOTAN 1 10MG (10-Pack)	Lyophilized Powder		25493	25493	1
melanotan-2-10mg-10-pack	MELANOTAN 2 10MG (10-Pack)	Lyophilized Powder		25493	25493	1
vip-10mg-10-pack	VIP 10MG (10-Pack)	Lyophilized Powder		49492	49492	1
cartalax-20mg-10-pack	CARTALAX 20MG (10-Pack)	Lyophilized Powder		50992	50992	1
epithalon-10mg-10-pack	EPITHALON 10MG (10-Pack)	Lyophilized Powder		24743	24743	1
foxo4-dri-10mg-10-pack	FOXO4-DRI 10MG (10-Pack)	Lyophilized Powder		101243	101243	1
testagen-20mg-10-pack	TESTAGEN 20MG (10-Pack)	Lyophilized Powder		50992	50992	1
sermorelin-10mg-10-pack	SERMORELIN 10MG (10-Pack)	Lyophilized Powder		47242	47242	1
tb-500-10mg-10-pack	TB-500 10MG (10-Pack)	Lyophilized Powder		44242	44242	1
glow-70mg-10-pack	GLOW 70MG (10-Pack)	Lyophilized Powder		71243	71243	1
kisspeptin-10mg-10-pack	KISSPEPTIN 10MG (10-Pack)	Lyophilized Powder		30743	30743	1
cjc-1295-w-o-dac-10mg-10-pack	CJC-1295 W/O DAC 10MG (10-Pack)	Lyophilized Powder		50992	50992	1
ipamorelin-10mg-10-pack	IPAMORELIN 10MG (10-Pack)	Lyophilized Powder		38992	38992	1
cjc-1295-w-dac-5mg-10-pack	CJC-1295 W/DAC 5MG (10-Pack)	Lyophilized Powder		38992	38992	1
glacier-brightening-serum	Glacier Brightening Serum	RUO Topical		6499	6499	1
cjc-1295-no-dac-ipa-blend-10mg-10-pack	CJC 1295 No DAC/IPA Blend 10MG (10-Pack)	Lyophilized Powder		42742	42742	1
tesamorelin-size-20mg-10-pack	TESAMORELIN – SIZE: 20MG (10-Pack)	Lyophilized Powder		93743	93743	1
tesamorelin-size-10mg-10-pack	TESAMORELIN – SIZE: 10MG (10-Pack)	Lyophilized Powder		50992	50992	1
bpc-157-size-20mg-10-pack	BPC-157 – Size: 20mg (10-Pack)	Lyophilized Powder		59993	59993	1
bpc-157-size-10mg-10-pack	BPC-157 – Size: 10mg (10-Pack)	Lyophilized Powder		34493	34493	1
s-31-s-10mg-10-pack	S-31-S 10MG (10-Pack)	Lyophilized Powder		34493	34493	1
ara-290-10mg-10-pack	ARA-290 10MG (10-Pack)	Lyophilized Powder		41242	41242	1
mots-c-size-20mg-10-pack	MOTS-C – Size: 20mg (10-Pack)	Lyophilized Powder		59993	59993	1
mots-c-size-10mg-10-pack	MOTS-C – Size: 10mg (10-Pack)	Lyophilized Powder		34493	34493	1
tesa-ipa-peptide-blend-13mg-3mg-10-pack	TESA/IPA Peptide Blend 13MG/3mg (10-Pack)	Lyophilized Powder		78743	78743	1
klow-80mg-10-pack	KLOW 80MG (10-Pack)	Lyophilized Powder		86243	86243	1
bpc-tb-500-wolverine-size-20mg-10-pack	BPC/TB 500 Wolverine – SIZE: 20MG (10-Pack)	Lyophilized Powder		74993	74993	1
bpc-tb-500-wolverine-size-10mg-10-pack	BPC/TB 500 Wolverine – SIZE: 10MG (10-Pack)	Lyophilized Powder		44992	44992	1
gla-1-sm-15mg-10-pack	GLA-1 SM 15MG (10-Pack)	Lyophilized Powder		32394	32394	1
gla-2-5-trz-rt-20mg-10-pack	GLA-2.5 TRZ/RT 20MG (10-Pack)	Lyophilized Powder		59994	59994	1
gla-2-trz-size-60mg-10-pack	GLA-2 TRZ – Size: 60mg (10-Pack)	Lyophilized Powder		101394	101394	1
gla-2-trz-size-30mg-10-pack	GLA-2 TRZ – Size: 30mg (10-Pack)	Lyophilized Powder		58794	58794	1
gla-2-trz-size-20mg-10-pack	GLA-2 TRZ – Size: 20mg (10-Pack)	Lyophilized Powder		45594	45594	1
gla-2-trz-size-10mg-10-pack	GLA-2 TRZ – Size: 10mg (10-Pack)	Lyophilized Powder		30594	30594	1
gla-3-rt-cagri-20mg-4mg-10-pack	GLA-3 RT/CAGRI 20MG/4MG (10-Pack)	Lyophilized Powder		74994	74994	1
gla-3-rt-size-60mg-10-pack	GLA-3 RT – Size: 60mg (10-Pack)	Lyophilized Powder		130794	130794	0
gla-3-rt-size-30mg-10-pack	GLA-3 RT – Size: 30mg (10-Pack)	Lyophilized Powder		86394	86394	1
gla-3-rt-size-20mg-10-pack	GLA-3 RT – Size: 20mg (10-Pack)	Lyophilized Powder		59394	59394	1
gla-3-rt-size-10mg-10-pack	GLA-3 RT – Size: 10mg (10-Pack)	Lyophilized Powder		34194	34194	1
mitoblend	MITO BLEND	Lyophilized Powder		9999	9999	1
recon3ml	Reconstitution Water 0.9% Alcohol 3mL	Water		899	899	1
ll37	LL-37 5MG	Lyophilized Powder		3499	3499	1
semax-selank-research-drops-15mg	Semax/Selank Research Drops 15MG	Liquid RUO Drops		11999	11999	1
adalank-adamax-1032-research-drops	Adalank/Adamax 1032 Research Drops 9MG	Liquid RUO Drops		11999	11999	1
igf	IGF-1 LR3 1MG	Lyophilized Powder		6499	6499	1
survodutide	SURVODUTIDE 10MG	Lyophilized Powder		6499	6499	1
mazdutide	MAZDUTIDE 10MG	Lyophilized Powder		6999	6999	1
super-blend	SUPER BLEND 10mL	Liquid Amino Blend		6399	6399	1
b12	B12 10MG	Lyophilized Powder		2499	2499	1
selank-dsip-research-spray-50mg	Selank/DSIP Research Spray 50MG	Liquid RUO Sprays		12999	12999	1
adamax-1032-research-spray-15mg	Adamax 1032 Research Spray 15MG	Liquid RUO Sprays		14999	14999	1
adalank-research-spray-15mg	Adalank Research Spray 15MG	Liquid RUO Sprays		14999	14999	1
pt-141-research-spray-30mg	PT-141 Research Spray 30MG	Liquid RUO Sprays		11999	11999	1
bpc-tb-500-research-spray-60mg	BPC-TB-500 Research Spray 60MG	Liquid RUO Sprays		14599	14599	1
nad-buffered-research-spray-1500mg	NAD+ Buffered Research Spray 1500MG	Liquid RUO Sprays		11499	11499	1
semax-research-spray-50mg	Semax Research Spray 50MG	Liquid RUO Sprays		13999	13999	1
neuro-triple-blend-research-spray-60mg	Neuro Triple Blend Research Spray 60MG	Liquid RUO Sprays		13999	13999	1
selank-research-spray-40mg	Selank Research Spray 40MG	Liquid RUO Sprays		13999	13999	1
pn10	PINEALON 10MG	Lyophilized Powder		4999	4999	1
ox10	OXYTOCIN 10MG	Lyophilized Powder		5599	5599	1
ghkcucap	GHK-Cu CAPSULES 2MG	Capsule		6999	6999	1
slucap20	SLU-PP-332 CAPSULES 20MG	Capsule		11999	11999	1
5amcaps	5-AMINO-1MQ CAPSULES 50MG	Capsule		10599	10599	1
slupp-5mg	SLU-PP-332 5MG	Lyophilized Powder		4999	4999	1
ghk-cu-raw	GHK-Cu (RAW)	RAW		3999	3999	1
ahkcu-raw	AHK-Cu (RAW)	RAW		6499	6499	1
snap-8-raw	Snap-8 (RAW)	RAW		14899	14899	1
acetyl-hexapeptide	Acetyl Hexapeptide-8 (RAW)	RAW		12899	12899	1
adamax	ADAMAX 10MG	Lyophilized Powder	CLASS=984	4999	6499	1
adamax	ADAMAX 10MG	Lyophilized Powder	CLASS=1032	8499	8499	1
dsip-10	DSIP 10MG	Lyophilized Powder		5999	5999	1
methylene-blue-capsules-20mcg	METHYLENE BLUE CAPSULES 20MG	Capsule		6199	6199	1
aod-9604-10	AOD-9604 10MG	Lyophilized Powder		9299	9299	1
aawater	Acetic Acid 0.6% 10mL	Water		999	999	1
ghkpv	GHKPV	Lyophilized Powder		7299	7299	1
ara-29010	ARA-290 10MG	Lyophilized Powder		5499	5499	1
tesofensine	TESOFENSINE CAPSULES 500MCG	Capsule		11499	11499	0
reconstitution-solution-10ml	Reconstitution Water 0.9% Alcohol 10mL	Water		1499	1499	1
semaxselank	SEMAX/SELANK BLEND 20MG	Lyophilized Powder		8199	8199	1
bpc-kpv-cap	BPC-KPV 1MG CAPSULES	Capsule		11999	11999	1
bpc-157-500mcg	BPC-157 500MCG CAPSULES	Capsule		9999	9999	1
cjc-1295-w-dac-5mg	CJC-1295 W/DAC 5MG	Lyophilized Powder		5199	5199	1
ipamorelin-10mg	IPAMORELIN 10MG	Lyophilized Powder		5199	5199	1
cjc-1295-w-o-dac-10mg	CJC-1295 W/O DAC 10MG	Lyophilized Powder		6799	6799	1
kisspeptin	KISSPEPTIN 10MG	Lyophilized Powder		4099	4099	1
glow	GLOW 70MG	Lyophilized Powder		9499	9499	1
tb500	TB-500 10MG	Lyophilized Powder		5899	5899	1
sermorelin	SERMORELIN 10MG	Lyophilized Powder		6299	6299	1
testagen	TESTAGEN 20MG	Lyophilized Powder		6799	6799	1
tesa-ipa-peptide-blend-13mg-3mg	TESA/IPA Peptide Blend 13MG/3mg	Lyophilized Powder		10499	10499	1
foxo4-dri	FOXO4-DRI 10MG	Lyophilized Powder		13499	13499	1
gla-3-cagri-20mg-4mg	GLA-3 RT/CAGRI 20MG/4MG	Lyophilized Powder		12499	12499	1
epi10	EPITHALON 10MG	Lyophilized Powder		3299	3299	1
cartalax-20	CARTALAX 20MG	Lyophilized Powder		6799	6799	1
vip-10	VIP 10MG	Lyophilized Powder		6599	6599	1
mt-2	MELANOTAN 2 10MG	Lyophilized Powder		3399	3399	1
mt1	MELANOTAN 1 10MG	Lyophilized Powder		3399	3399	1
glutathione-1500mg	GLUTATHIONE 1500MG	Lyophilized Powder		7599	7599	1
gla1-s	GLA-1 SM 15MG	Lyophilized Powder		5399	5399	1
lipo-c	LIPO Blend 10mL	Liquid Amino Blend		6399	6399	1
thymosin-alpha-1	THYMOSIN ALPHA 1 10MG	Lyophilized Powder		6399	6399	1
gla2-5-t-r-20mg	GLA-2.5 TRZ/RT 20MG	Lyophilized Powder		9999	9999	1
gla2-trz	GLA-2 TRZ	Lyophilized Powder	Size=10mg	5099	5099	1
gla2-trz	GLA-2 TRZ	Lyophilized Powder	Size=20mg	7599	7599	1
gla2-trz	GLA-2 TRZ	Lyophilized Powder	Size=30mg	9799	9799	1
gla2-trz	GLA-2 TRZ	Lyophilized Powder	Size=60mg	16899	16899	1
gla3-rt	GLA-3 RT	Lyophilized Powder	Size=10mg	5699	5699	1
gla3-rt	GLA-3 RT	Lyophilized Powder	Size=20mg	9899	9899	1
gla3-rt	GLA-3 RT	Lyophilized Powder	Size=30mg	14399	14399	1
gla3-rt	GLA-3 RT	Lyophilized Powder	Size=60mg	21799	21799	0
pt-141	PT-141 10MG	Lyophilized Powder		4099	4099	1
kpv	KPV 10MG	Lyophilized Powder		5199	5199	1
cjc-1295-no-dac-ipa-blend	CJC 1295 No DAC/IPA Blend 10MG	Lyophilized Powder		5699	5699	1
bpc-tb-500-wolverine	BPC/TB 500 Wolverine	Lyophilized Powder	SIZE=10MG	5999	5999	1
bpc-tb-500-wolverine	BPC/TB 500 Wolverine	Lyophilized Powder	SIZE=20MG	9999	9999	1
nad-500mg-buffered	NAD+ 500MG Buffered	Lyophilized Powder		5699	5699	1
5-amino-1mq	5-AMINO-1MQ	Lyophilized Powder	SIZE=10MG	5199	5199	1
5-amino-1mq	5-AMINO-1MQ	Lyophilized Powder	SIZE=50MG	9999	9999	1
cagrilintide	CAGRILINTIDE	Lyophilized Powder	SIZE=5MG	5699	5699	1
cagrilintide	CAGRILINTIDE	Lyophilized Powder	SIZE=10MG	10199	10199	1
ghk-cu	GHK-Cu	Lyophilized Powder	SIZE=50mg	3099	3099	1
ghk-cu	GHK-Cu	Lyophilized Powder	SIZE=100mg	4599	4599	1
tesamorelin	TESAMORELIN	Lyophilized Powder	SIZE=10MG	6799	6799	1
tesamorelin	TESAMORELIN	Lyophilized Powder	SIZE=20MG	12499	12499	1
mots-c	MOTS-C	Lyophilized Powder	Size=10mg	4599	4599	1
mots-c	MOTS-C	Lyophilized Powder	Size=20mg	7999	7999	1
s3max-10	SEMAX 10MG	Lyophilized Powder		4099	4099	1
selank-10	SELANK 10MG	Lyophilized Powder		4099	4099	1
s-31-s-10	S-31-S 10MG	Lyophilized Powder		4599	4599	1
klow-80	KLOW 80MG	Lyophilized Powder		11499	11499	1
bpc-157	BPC-157	Lyophilized Powder	Size=10mg	4599	4599	1
bpc-157	BPC-157	Lyophilized Powder	Size=20mg	7999	7999	1
