# Modern Aminos — WooCommerce Store API via Chrome, captured 2026-10-08. 158 products → 216 rows; merch excluded. Modern sells no multi-vial kits.
# slug	variant	price_cents	in_stock
buy-ghk-cu-methylene-blue-tallow-matrix-blend		3100	1
seltorexant		7700	1
vip-vasoactive-intestinal-peptide		6000	1
bpc-157-arginate		8900	1
ghk-cu-kpv-blend		7500	1
emoxypine-succinate		3499	1
slu-pp-915		19900	1
ace-167		10900	1
maritide-maridebart-cagraflutide		15900	0
petrelintide-zp8396		15900	0
kw-6353-sipagladenant		7300	0
lipo-c-b12		5900	1
cartalax-blend-research-matrix		14900	1
vilon-20mg		5400	1
pe-22-28-10mg		5400	1
thymogen-thymagen		6900	1
vesugen-20mg		5400	0
prostamax-20mg		5400	1
ovagen-20mg		5400	1
bronchogen-20mg		5400	1
testagen-20mg		5400	1
livagen-20mg		5400	1
chonluten-20mg		5400	1
cardiogen-20mg		5400	0
gb-115		5400	1
nortadalafil		4800	1
nooglutyl		3800	1
atx-304-o-304		13900	0
melts-pro-cjc-1295-ipamorelin-dissolving-strips		17999	1
melts-pro-tesofensine-5-amino-1mq-dissolving-strips		18999	1
melts-pro-selank-semax		17499	1
melts-pro-melanotan-ii-dissolving-strips		9699	1
melts-brain-fuel-dissolving-strips		3699	1
melts-nad-dissolving-strips		5999	1
melts-sleep-dissolving-strips		3999	1
mk-777-acetamoren-10mg		7400	1
bpap		4800	1
j-147		13400	1
prl-8-53		3800	1
cms-121		5800	1
ipam-indolepropionamide		4400	1
l-thp		3900	1
tak-653		7800	0
sunifiram		6400	1
ma-3rt-cagrilintide-8mg-2mg		11700	1
cartalax-20mg		5400	1
transdermal-pentadecapeptide		6700	1
hexarelin-cjc-1295-no-dac		7900	1
p-21		9800	0
hexarelin-10mg		6800	1
pinealon-20mg		6100	1
semax-selank		7800	1
ara-290-10mg		5100	1
tesamorelin-ipamorelin-blend-8mg-2mg		8400	1
klow-ghk-cu-tb-500-bpc-157-kpv		13400	1
aicar-50mg		5400	1
ghk-cu-2mg-dry-fill		10900	1
tesofensine-powder	250MCG Dry-Fill	7900	1
tesofensine-powder	500MCG Dry-Fill	13900	1
gw-501516	Liquid	5800	1
gw-501516	Dry-Fill	6800	1
gw-501516	Oil	6800	1
dada	20ML	4900	1
dada	250MG Dry-Fill	7400	1
dada	300MG/ML 30ML	5300	1
enclomiphene	6.25MG Dry-Fill	5800	1
enclomiphene	12.5MG Dry-Fill	8400	1
enclomiphene	25MG/ML (30ML)	6900	1
piracetam-powder		4400	0
aminotadalafil	20MG/ML (30ML)	4800	1
aminotadalafil	5MG Dry-Fill	4800	1
noopept-30mg		3100	1
5-amino-1mq	10MG (Lyophilized)	4900	1
5-amino-1mq	50MG Dry-Fill	13900	1
5-amino-1mq	50MG (Lyophilized)	9900	1
dihexa-5mg		9400	1
bromantane	25MG Dry-Fill (x60)	4900	1
bromantane	50MG/ML (30ML)	4900	1
fladrafinil-crl-40941	100MG Dry-Fill	8900	1
fladrafinil-crl-40941	50MG/ML 30ML	4400	1
nefiracetam-100mg		3800	1
phenylpiracetam-hydrazide-150mg		8900	1
9-me-bc-9-methyl-%ce%b2-carboline-15mg		6400	1
phenibut-hcl-300mg		4800	1
magnesium-l-threonate		2800	1
slu-pp-332	300MCG/ML - Liquid	4400	1
slu-pp-332	250MCG -Dry-Fill	5000	1
slu-pp-332	500MCG -Dry-Fill	8900	1
slu-pp-332	10MG -Dry-Fill	13900	1
pea-palmitoylethanolamide-400mg		3900	1
s-acetyl-glutathione-200mg		4800	1
compound-7p		5400	0
aniracetam-400mg		3800	1
alpha-gpc-400mg		3700	0
gc-1-sobetirome-100mcg		18400	1
cdp-choline-citicoline-500mg		5300	1
methylene-blue	5MG	3400	1
methylene-blue	10MG	5200	1
methylene-blue	Liquid 10MG/ML (30ML)	3400	1
bam15		15900	1
arimistane-25mg		5800	1
rad-140	10MG Dry-Fill	8400	1
rad-140	Oil	7800	1
lgd-4033	10MG Dry-Fill	7400	1
lgd-4033	10MG/ML (30ML)	3800	0
lgd-4033	Oil 50MG/ML (10ML)	7400	1
mk-677	30MG/ML (30ML)	6800	1
mk-677	25MG Dry-Fill	8900	1
gw-0742-20mg-ml		6400	1
ac-262	10MG - Dry-Fill	6400	1
ac-262	30MG/ML (30ML)	7200	1
lgd-3033-10mg		7800	1
mk-2866-ostarine	30MG/ML 30ML	5400	1
mk-2866-ostarine	15MG Dry-Fill	7400	1
mk-2866-ostarine	50MG/ML Oil	9400	1
rad-150	10MG Dry-Fill	7400	1
rad-150	20MG/ML (30ML)	6800	0
yk-11	5MG Dry-Fill	6400	1
yk-11	10MG/ML (30ML)	5900	1
yk-11	50MG/ML Oil (10ML)	8400	1
s4-andarine	25MG Dry-Fill	7400	1
s4-andarine	50MG/ML (30ML)	5400	1
glow-blend		9900	1
kisspeptin-10-10mg		4900	1
thymosin-alpha-1	10MG	8000	1
acetic-acid-0-6-solution-10ml		1000	1
cagrilintide-10mg		9900	1
atp-amp-nalt-based-amino-blend-20ml		6800	1
carnitine-choline-based-amino-blend-20ml		4900	1
tesamorelin		7100	1
ma-2tz	5MG	3700	0
ma-2tz	10MG	6400	1
ma-2tz	20MG	9400	1
ma-2tz	40MG	15400	1
mazdutide		7800	0
bcaa-based-amino-blend-20ml		4900	1
cagrisema-sodium-10mg		11900	1
epithalon	Epithalon 10MG	4000	1
epithalon	Epithalon 50MG	10900	1
nad-20ml	200MG/ML (20ML)	6900	1
nad-20ml	500MG (Lyophilized)	4900	1
bpc-157tb-500-blend	5MG/5MG (Lyophilized)	5400	1
bpc-157tb-500-blend	10MG/10MG (Lyophilized)	8900	1
bpc-157tb-500-blend	Powder (Dry-Fill)	9900	1
cjc-1295-no-dac-ipamorelin	5MG/5MG	5500	1
cjc-1295-no-dac-ipamorelin	10MG/10MG	10400	1
oxytocin-5mg	5MG	2900	1
oxytocin-5mg	10MG	3600	1
msm-based-amino-blend-20ml		4800	1
melatonin-based-amino-blend-20ml		5400	1
dmaa-50mg-ml		3800	1
5-ru-58841		4800	1
carnosinecarnitine-based-amino-blend-20ml		4400	1
l-arginine-based-amino-blend-20ml		3900	1
vitamin-b12-20ml		4800	1
pure-potion		6800	1
sr-9009-oil-50mg-ml-10ml		6400	1
ll-37-5mg		4700	1
kpv	500mcg Dry-Fill	8900	1
kpv	10MG Lyophilized	4600	1
dsip-5mg		3500	1
selank-10mg		4500	1
hgh-frag-176-191-5mg		4400	1
nad-carnitine-based-amino-blend-20ml		6400	1
coq10-20ml		4800	1
carnitinearginine-based-amino-blend-20ml		4400	1
sermorelin-5mg	10MG	7400	1
sermorelin-5mg	5MG	4600	1
ghk-cu	100MG	6400	1
ghk-cu	50MG	4200	1
aod-9604-5mg		3900	1
semax-10mg	Semax 10MG	4200	1
semax-10mg	NA-Semax	4200	1
semax-10mg	Adamax	7400	0
cjc-1295-no-dac-2mg		2400	1
mots-c	10MG	3900	1
mots-c	40MG	10400	1
igf-lr3-1mg		6400	1
pt-141-10mg		4100	1
cjc-1295-dac-5mg		5200	1
ipamorelin-10mg		6400	1
melanotan-2-10mg		3800	1
tb-500-thymosin-beta-4	5MG	3400	0
tb-500-thymosin-beta-4	10MG	5900	1
ma-1s	5MG	3400	1
ma-1s	10MG	5500	1
ma-3rt	5MG	4400	1
ma-3rt	10MG	8400	1
ma-3rt	12MG	9400	1
ma-3rt	20MG	14900	1
ma-3rt	30MG	19900	1
ma-3rt	60MG	29900	1
l-citrulline-based-amino-blend-20ml		4700	1
reconstitution-solution	10ml	800	1
reconstitution-solution	30ml	1899	1
glutathione	600mg-lyophilized	5400	1
glutathione	200mg-ml-20ml-reconstituted	6900	1
pentadecapeptide	10mg-lyophilized	6800	1
pentadecapeptide	5mg-lyophilized	3800	1
l-carnitine-20ml		5100	1
